date,candidate_strategy,expected_annual_return,expected_annual_volatility,actual_future_return_21d,spo_weighted_decision_score,max_single_weight,dominant_etf,turnover,weights_json
2024-01-31,equal_weight_6etf,0.09244178916283047,0.09962637545055089,0.026587850103775637,-0.10059277216593415,0.1666666666666666,SPY,0.9999999999999997,"{""SPY"": 0.166667, ""QQQ"": 0.166667, ""TLT"": 0.166667, ""GLD"": 0.166667, ""VNQ"": 0.166667, ""DBC"": 0.166667}"
2024-01-31,pto_markowitz,0.43804595364713733,0.17349860007300394,0.06868608295917497,1.4674966335296586,0.9999999999999968,QQQ,1.0,"{""SPY"": 0.0, ""QQQ"": 1.0, ""TLT"": 0.0, ""GLD"": 0.0, ""VNQ"": 0.0, ""DBC"": 0.0}"
2024-01-31,spo_plus,0.4380459536471385,0.17349860007300438,0.0686860829591751,1.467496633529663,1.0,QQQ,1.0,"{""SPY"": 0.0, ""QQQ"": 1.0, ""TLT"": 0.0, ""GLD"": 0.0, ""VNQ"": 0.0, ""DBC"": 0.0}"
2024-01-31,spo_plus_fee,0.4380459536471385,0.17349860007300438,0.0686860829591751,1.467496633529663,1.0,QQQ,1.0,"{""SPY"": 0.0, ""QQQ"": 1.0, ""TLT"": 0.0, ""GLD"": 0.0, ""VNQ"": 0.0, ""DBC"": 0.0}"
2024-01-31,spo_plus_turnover_l2,0.4380459536471312,0.17349860007300244,0.06868608295917426,1.4674966335296264,0.9999999999999822,QQQ,1.0,"{""SPY"": 0.0, ""QQQ"": 1.0, ""TLT"": 0.0, ""GLD"": 0.0, ""VNQ"": 0.0, ""DBC"": 0.0}"
2024-01-31,spy_buy_hold,0.08561497748321596,0.12589251850571648,0.0620650462806224,-1.0917435884475708,1.0,SPY,1.0,"{""SPY"": 1.0, ""QQQ"": 0.0, ""TLT"": 0.0, ""GLD"": 0.0, ""VNQ"": 0.0, ""DBC"": 0.0}"
2024-02-29,equal_weight_6etf,0.11050381338628332,0.09553854373624182,0.030766773192832823,-0.16796820114056266,0.1666666666666666,SPY,0.0,"{""SPY"": 0.166667, ""QQQ"": 0.166667, ""TLT"": 0.166667, ""GLD"": 0.166667, ""VNQ"": 0.166667, ""DBC"": 0.166667}"
2024-02-29,pto_markowitz,0.3046699498558787,0.12354723648385256,0.03569312538032805,1.059916773218178,0.7006289015536185,QQQ,0.5987421968927564,"{""SPY"": 0.0, ""QQQ"": 0.700629, ""TLT"": 0.0, ""GLD"": 0.257286, ""VNQ"": 0.042085, ""DBC"": 0.0}"
2024-02-29,spo_plus,0.39277975251404323,0.16457288273254805,0.0148937785997986,1.3845164775848389,1.0,QQQ,0.0,"{""SPY"": 0.0, ""QQQ"": 1.0, ""TLT"": 0.0, ""GLD"": 0.0, ""VNQ"": 0.0, ""DBC"": 0.0}"
2024-02-29,spo_plus_fee,0.39277975251404323,0.16457288273254805,0.0148937785997986,1.3845164775848389,1.0,QQQ,0.0,"{""SPY"": 0.0, ""QQQ"": 1.0, ""TLT"": 0.0, ""GLD"": 0.0, ""VNQ"": 0.0, ""DBC"": 0.0}"
2024-02-29,spo_plus_turnover_l2,0.39277975251403724,0.16457288273254617,0.014893778599798794,1.384516477584803,0.9999999999999822,QQQ,0.0,"{""SPY"": 0.0, ""QQQ"": 1.0, ""TLT"": 0.0, ""GLD"": 0.0, ""VNQ"": 0.0, ""DBC"": 0.0}"
2024-02-29,spy_buy_hold,0.13960355032289828,0.12298202204643051,0.0309049561619758,-0.7861536145210266,1.0,SPY,0.0,"{""SPY"": 1.0, ""QQQ"": 0.0, ""TLT"": 0.0, ""GLD"": 0.0, ""VNQ"": 0.0, ""DBC"": 0.0}"
2024-03-28,equal_weight_6etf,0.12436634808226774,0.09364383689500226,-0.01505200782169896,-0.10728719085454935,0.1666666666666666,SPY,0.0,"{""SPY"": 0.166667, ""QQQ"": 0.166667, ""TLT"": 0.166667, ""GLD"": 0.166667, ""VNQ"": 0.166667, ""DBC"": 0.166667}"
2024-03-28,pto_markowitz,0.12863786590769827,0.11883358981042343,-0.007087569728957702,-0.1480143226137779,0.608690725988567,DBC,1.91582932461147,"{""SPY"": 0.0, ""QQQ"": 0.0, ""TLT"": 0.006263, ""GLD"": 0.0, ""VNQ"": 0.385046, ""DBC"": 0.608691}"
2024-03-28,spo_plus,0.2544396275782916,0.16074329586175878,-0.0253598894923925,1.142772912979126,1.0,QQQ,0.0,"{""SPY"": 0.0, ""QQQ"": 1.0, ""TLT"": 0.0, ""GLD"": 0.0, ""VNQ"": 0.0, ""DBC"": 0.0}"
2024-03-28,spo_plus_fee,0.2544396275782916,0.16074329586175878,-0.0253598894923925,1.142772912979126,1.0,QQQ,0.0,"{""SPY"": 0.0, ""QQQ"": 1.0, ""TLT"": 0.0, ""GLD"": 0.0, ""VNQ"": 0.0, ""DBC"": 0.0}"
2024-03-28,spo_plus_turnover_l2,0.25443962757828914,0.16074329586175698,-0.02535988949239244,1.1427729129790993,0.9999999999999822,QQQ,0.0,"{""SPY"": 0.0, ""QQQ"": 1.0, ""TLT"": 0.0, ""GLD"": 0.0, ""VNQ"": 0.0, ""DBC"": 0.0}"
2024-03-28,spy_buy_hold,0.20235889531599816,0.11541142851831225,-0.0248723868280649,-0.0588128268718719,1.0,SPY,0.0,"{""SPY"": 1.0, ""QQQ"": 0.0, ""TLT"": 0.0, ""GLD"": 0.0, ""VNQ"": 0.0, ""DBC"": 0.0}"
2024-04-30,equal_weight_6etf,0.10943943295008313,0.09414402194157392,0.02946674728688467,0.05666955808798471,0.1666666666666666,SPY,0.0,"{""SPY"": 0.166667, ""QQQ"": 0.166667, ""TLT"": 0.166667, ""GLD"": 0.166667, ""VNQ"": 0.166667, ""DBC"": 0.166667}"
2024-04-30,pto_markowitz,0.20814555990429945,0.13424840434866833,0.049642429064676384,-0.10767997562496187,0.6365035744379393,QQQ,1.4455090583170187,"{""SPY"": 0.0, ""QQQ"": 0.636504, ""TLT"": 0.0, ""GLD"": 0.086251, ""VNQ"": 0.277245, ""DBC"": 0.0}"
2024-04-30,spo_plus,0.2041323948548539,0.12277104647518935,0.0221834722906351,1.6132920980453491,1.0,GLD,2.0,"{""SPY"": 0.0, ""QQQ"": 0.0, ""TLT"": 0.0, ""GLD"": 1.0, ""VNQ"": 0.0, ""DBC"": 0.0}"
2024-04-30,spo_plus_fee,0.2041323948548537,0.12277104647518926,0.022183472290635105,1.6132920980453467,0.9999999999999988,GLD,2.0,"{""SPY"": 0.0, ""QQQ"": 0.0, ""TLT"": 0.0, ""GLD"": 1.0, ""VNQ"": 0.0, ""DBC"": 0.0}"
2024-04-30,spo_plus_turnover_l2,0.20413239485485382,0.12277104647518916,0.02218347229063512,1.613292098045345,0.999999999999998,GLD,1.999999999999993,"{""SPY"": 0.0, ""QQQ"": 0.0, ""TLT"": 0.0, ""GLD"": 1.0, ""VNQ"": 0.0, ""DBC"": 0.0}"
2024-04-30,spy_buy_hold,0.17801689822605515,0.1153224260416302,0.0410972610116004,-0.7648570537567139,1.0,SPY,0.0,"{""SPY"": 1.0, ""QQQ"": 0.0, ""TLT"": 0.0, ""GLD"": 0.0, ""VNQ"": 0.0, ""DBC"": 0.0}"
2024-05-31,equal_weight_6etf,0.10240130714560221,0.09542418478336105,0.02708873645557707,0.03872271378835035,0.1666666666666666,SPY,0.0,"{""SPY"": 0.166667, ""QQQ"": 0.166667, ""TLT"": 0.166667, ""GLD"": 0.166667, ""VNQ"": 0.166667, ""DBC"": 0.166667}"
2024-05-31,pto_markowitz,0.3263471501103258,0.15817065615915296,0.082190416753292,0.5462895631790161,1.0,QQQ,0.7269928511241215,"{""SPY"": 0.0, ""QQQ"": 1.0, ""TLT"": 0.0, ""GLD"": 0.0, ""VNQ"": 0.0, ""DBC"": 0.0}"
2024-05-31,spo_plus,-0.07840692284183673,0.16693435505850154,0.0083888666704297,2.581366062164306,1.0,TLT,2.0,"{""SPY"": 0.0, ""QQQ"": 0.0, ""TLT"": 1.0, ""GLD"": 0.0, ""VNQ"": 0.0, ""DBC"": 0.0}"
2024-05-31,spo_plus_fee,-0.0784069228418322,0.1669343550584982,0.008388866670429785,2.5813660621642307,0.9999999999999768,TLT,1.9999999999999745,"{""SPY"": 0.0, ""QQQ"": 0.0, ""TLT"": 1.0, ""GLD"": 0.0, ""VNQ"": 0.0, ""DBC"": 0.0}"
2024-05-31,spo_plus_turnover_l2,-0.07840692284183039,0.16693435505849655,0.008388866670429873,2.5813660621641845,0.9999999999999648,TLT,1.9999999999999687,"{""SPY"": 0.0, ""QQQ"": 0.0, ""TLT"": 1.0, ""GLD"": 0.0, ""VNQ"": 0.0, ""DBC"": 0.0}"
2024-05-31,spy_buy_hold,0.1631295101039847,0.1136374198003163,0.0443923659622669,-0.3766853213310241,1.0,SPY,0.0,"{""SPY"": 1.0, ""QQQ"": 0.0, ""TLT"": 0.0, ""GLD"": 0.0, ""VNQ"": 0.0, ""DBC"": 0.0}"
2024-06-28,equal_weight_6etf,0.06916696157872393,0.09564656830445838,0.007482149560625345,-0.12300999462604516,0.1666666666666666,SPY,0.0,"{""SPY"": 0.166667, ""QQQ"": 0.166667, ""TLT"": 0.166667, ""GLD"": 0.166667, ""VNQ"": 0.166667, ""DBC"": 0.166667}"
2024-06-28,pto_markowitz,0.2055589218557014,0.1101826370157883,-0.0035079452678135233,-0.764096914173475,0.9808838692211082,SPY,1.9999999999999998,"{""SPY"": 0.980884, ""QQQ"": 0.0, ""TLT"": 0.019116, ""GLD"": 0.0, ""VNQ"": 0.0, ""DBC"": 0.0}"
2024-06-28,spo_plus,0.046350128288881305,0.1687872369808599,0.0258066169917583,1.8456411361694336,1.0,TLT,0.0,"{""SPY"": 0.0, ""QQQ"": 0.0, ""TLT"": 1.0, ""GLD"": 0.0, ""VNQ"": 0.0, ""DBC"": 0.0}"
2024-06-28,spo_plus_fee,0.04635012828888107,0.16878723698085651,0.0258066169917578,1.8456411361693732,0.9999999999999768,TLT,0.0,"{""SPY"": 0.0, ""QQQ"": 0.0, ""TLT"": 1.0, ""GLD"": 0.0, ""VNQ"": 0.0, ""DBC"": 0.0}"
2024-06-28,spo_plus_turnover_l2,0.046350128288880674,0.16878723698085485,0.025806616991757455,1.8456411361693403,0.9999999999999648,TLT,7.099748146989106e-30,"{""SPY"": 0.0, ""QQQ"": 0.0, ""TLT"": 1.0, ""GLD"": 0.0, ""VNQ"": 0.0, ""DBC"": 0.0}"
2024-06-28,spy_buy_hold,0.208661690913765,0.11126230495683678,-0.0040792473591864,-0.8149572610855103,1.0,SPY,0.0,"{""SPY"": 1.0, ""QQQ"": 0.0, ""TLT"": 0.0, ""GLD"": 0.0, ""VNQ"": 0.0, ""DBC"": 0.0}"
2024-07-31,equal_weight_6etf,0.053967626562288123,0.09613258871279129,0.017597497935639674,-0.13081217805544532,0.1666666666666666,SPY,0.0,"{""SPY"": 0.166667, ""QQQ"": 0.166667, ""TLT"": 0.166667, ""GLD"": 0.166667, ""VNQ"": 0.166667, ""DBC"": 0.166667}"
2024-07-31,pto_markowitz,0.21591249223712533,0.1482022750890503,0.024761713327056782,0.4863943886492542,0.5959308220371555,VNQ,1.9999999999999998,"{""SPY"": 0.0, ""QQQ"": 0.404069, ""TLT"": 0.0, ""GLD"": 0.0, ""VNQ"": 0.595931, ""DBC"": 0.0}"
2024-07-31,spo_plus,0.20161736980947403,0.1619936480104961,-0.0008703552302904,2.0909953117370605,1.0,QQQ,2.0,"{""SPY"": 0.0, ""QQQ"": 1.0, ""TLT"": 0.0, ""GLD"": 0.0, ""VNQ"": 0.0, ""DBC"": 0.0}"
2024-07-31,spo_plus_fee,0.20161736980945838,0.16199364801048613,-0.0008703552302878755,2.0909953117367848,0.9999999999999192,QQQ,1.999999999999848,"{""SPY"": 0.0, ""QQQ"": 1.0, ""TLT"": 0.0, ""GLD"": 0.0, ""VNQ"": 0.0, ""DBC"": 0.0}"
2024-07-31,spo_plus_turnover_l2,0.20161736980947237,0.1619936480104954,-0.0008703552302904388,2.090995311737057,0.9999999999999956,QQQ,1.9999999999999911,"{""SPY"": 0.0, ""QQQ"": 1.0, ""TLT"": 0.0, ""GLD"": 0.0, ""VNQ"": 0.0, ""DBC"": 0.0}"
2024-07-31,spy_buy_hold,0.08846855081697047,0.11518534995837154,0.0136887729167938,-0.314991295337677,1.0,SPY,0.0,"{""SPY"": 1.0, ""QQQ"": 0.0, ""TLT"": 0.0, ""GLD"": 0.0, ""VNQ"": 0.0, ""DBC"": 0.0}"
2024-08-30,equal_weight_6etf,0.09264037381910364,0.09792392742616216,0.027323768784602402,-0.05607217053572339,0.1666666666666666,SPY,0.0,"{""SPY"": 0.166667, ""QQQ"": 0.166667, ""TLT"": 0.166667, ""GLD"": 0.166667, ""VNQ"": 0.166667, ""DBC"": 0.166667}"
2024-08-30,pto_markowitz,0.20088703299187338,0.13884173060335103,0.015249949109142477,1.455942727802761,0.7686908552054605,QQQ,1.19186164407431,"{""SPY"": 0.0, ""QQQ"": 0.768691, ""TLT"": 0.134749, ""GLD"": 0.0, ""VNQ"": 0.0, ""DBC"": 0.09656}"
2024-08-30,spo_plus,0.2489413402562925,0.17162905636416567,0.0119181834161281,2.131303071975708,1.0,QQQ,0.0,"{""SPY"": 0.0, ""QQQ"": 1.0, ""TLT"": 0.0, ""GLD"": 0.0, ""VNQ"": 0.0, ""DBC"": 0.0}"
2024-08-30,spo_plus_fee,0.2489413402562788,0.17162905636415446,0.011918183416129657,2.1313030719754673,0.9999999999999194,QQQ,2.2204460492504827e-16,"{""SPY"": 0.0, ""QQQ"": 1.0, ""TLT"": 0.0, ""GLD"": 0.0, ""VNQ"": 0.0, ""DBC"": 0.0}"
2024-08-30,spo_plus_turnover_l2,0.2489413402562914,0.171629056364165,0.011918183416128155,2.131303071975697,0.9999999999999956,QQQ,7.888609052210118e-31,"{""SPY"": 0.0, ""QQQ"": 1.0, ""TLT"": 0.0, ""GLD"": 0.0, ""VNQ"": 0.0, ""DBC"": 0.0}"
2024-08-30,spy_buy_hold,0.06181166165179713,0.1229650025208901,0.0118579324334859,-1.3980146646499634,1.0,SPY,0.0,"{""SPY"": 1.0, ""QQQ"": 0.0, ""TLT"": 0.0, ""GLD"": 0.0, ""VNQ"": 0.0, ""DBC"": 0.0}"
2024-09-30,equal_weight_6etf,0.14415327413312484,0.09794348778968276,0.0012179968568185994,-0.008568897843360901,0.1666666666666666,SPY,0.0,"{""SPY"": 0.166667, ""QQQ"": 0.166667, ""TLT"": 0.166667, ""GLD"": 0.166667, ""VNQ"": 0.166667, ""DBC"": 0.166667}"
2024-09-30,pto_markowitz,0.24191622771321614,0.1267589051413541,-0.014802009144023433,-0.04678213546037391,0.526724520848045,QQQ,0.6770525406916442,"{""SPY"": 0.0, ""QQQ"": 0.526725, ""TLT"": 0.473275, ""GLD"": 0.0, ""VNQ"": 0.0, ""DBC"": 0.0}"
2024-09-30,spo_plus,0.32493180456834175,0.17627168098661453,0.0247709788382053,2.43981409072876,1.0,QQQ,0.0,"{""SPY"": 0.0, ""QQQ"": 1.0, ""TLT"": 0.0, ""GLD"": 0.0, ""VNQ"": 0.0, ""DBC"": 0.0}"
2024-09-30,spo_plus_fee,0.3249318045683287,0.17627168098660254,0.024770978838200453,2.439814090728402,0.9999999999999194,QQQ,0.0,"{""SPY"": 0.0, ""QQQ"": 1.0, ""TLT"": 0.0, ""GLD"": 0.0, ""VNQ"": 0.0, ""DBC"": 0.0}"
2024-09-30,spo_plus_turnover_l2,0.32493180456833975,0.17627168098661386,0.024770978838205168,2.4398140907287487,0.9999999999999956,QQQ,0.0,"{""SPY"": 0.0, ""QQQ"": 1.0, ""TLT"": 0.0, ""GLD"": 0.0, ""VNQ"": 0.0, ""DBC"": 0.0}"
2024-09-30,spy_buy_hold,0.1741538934660168,0.12433722385288966,0.0139606054872274,-0.5492516756057739,1.0,SPY,0.0,"{""SPY"": 1.0, ""QQQ"": 0.0, ""TLT"": 0.0, ""GLD"": 0.0, ""VNQ"": 0.0, ""DBC"": 0.0}"
2024-10-31,equal_weight_6etf,0.09569379887233465,0.09362309401942365,0.018251913910110776,0.06707973281542456,0.1666666666666666,SPY,0.0,"{""SPY"": 0.166667, ""QQQ"": 0.166667, ""TLT"": 0.166667, ""GLD"": 0.166667, ""VNQ"": 0.166667, ""DBC"": 0.166667}"
2024-10-31,pto_markowitz,0.10319834723030176,0.14460419123994397,-0.027003141120076145,-0.37834852933882873,0.9999999999999962,DBC,1.9999999999999993,"{""SPY"": 0.0, ""QQQ"": 0.0, ""TLT"": 0.0, ""GLD"": 0.0, ""VNQ"": 0.0, ""DBC"": 1.0}"
2024-10-31,spo_plus,0.2955397268912185,0.14114837167895794,-0.0397222675383091,1.725155472755432,1.0,GLD,2.0,"{""SPY"": 0.0, ""QQQ"": 0.0, ""TLT"": 0.0, ""GLD"": 1.0, ""VNQ"": 0.0, ""DBC"": 0.0}"
2024-10-31,spo_plus_fee,0.2955397268912163,0.14114837167895686,-0.039722267538308174,1.7251554727554081,0.9999999999999892,GLD,1.9999999999999574,"{""SPY"": 0.0, ""QQQ"": 0.0, ""TLT"": 0.0, ""GLD"": 1.0, ""VNQ"": 0.0, ""DBC"": 0.0}"
2024-10-31,spo_plus_turnover_l2,0.2955397268912178,0.14114837167895775,-0.039722267538309,1.72515547275543,0.9999999999999984,GLD,2.0,"{""SPY"": 0.0, ""QQQ"": 0.0, ""TLT"": 0.0, ""GLD"": 1.0, ""VNQ"": 0.0, ""DBC"": 0.0}"
2024-10-31,spy_buy_hold,0.15862239743229617,0.1200687329850533,0.0615328326821327,0.1464872062206268,1.0,SPY,0.0,"{""SPY"": 1.0, ""QQQ"": 0.0, ""TLT"": 0.0, ""GLD"": 0.0, ""VNQ"": 0.0, ""DBC"": 0.0}"
2024-11-29,equal_weight_6etf,0.09690118647341739,0.09244800196056109,-0.027318808715790493,-0.04669965555270511,0.1666666666666666,SPY,0.0,"{""SPY"": 0.166667, ""QQQ"": 0.166667, ""TLT"": 0.166667, ""GLD"": 0.166667, ""VNQ"": 0.166667, ""DBC"": 0.166667}"
2024-11-29,pto_markowitz,0.15418209746643743,0.12254326836494867,-0.011380249987147144,-0.23393296042596845,0.5788133472902325,QQQ,1.5789109196986615,"{""SPY"": 0.0, ""QQQ"": 0.578813, ""TLT"": 0.0, ""GLD"": 0.0, ""VNQ"": 0.210642, ""DBC"": 0.210545}"
2024-11-29,spo_plus,-0.08620748273809928,0.14831950618545822,-0.0638098195195198,0.8309840559959412,1.0,TLT,2.0,"{""SPY"": 0.0, ""QQQ"": 0.0, ""TLT"": 1.0, ""GLD"": 0.0, ""VNQ"": 0.0, ""DBC"": 0.0}"
2024-11-29,spo_plus_fee,-0.08620748273809917,0.14831950618545817,-0.06380981951951979,0.8309840559959405,0.9999999999999994,TLT,1.9999999999999982,"{""SPY"": 0.0, ""QQQ"": 0.0, ""TLT"": 1.0, ""GLD"": 0.0, ""VNQ"": 0.0, ""DBC"": 0.0}"
2024-11-29,spo_plus_turnover_l2,0.14281112024493262,0.15140900261478718,-0.014088487252593082,0.38486331701278753,0.9999999999999984,GLD,0.0,"{""SPY"": 0.0, ""QQQ"": 0.0, ""TLT"": 0.0, ""GLD"": 1.0, ""VNQ"": 0.0, ""DBC"": 0.0}"
2024-11-29,spy_buy_hold,0.1601239990573368,0.12149437399671117,-0.0240602120757102,-0.839266836643219,1.0,SPY,0.0,"{""SPY"": 1.0, ""QQQ"": 0.0, ""TLT"": 0.0, ""GLD"": 0.0, ""VNQ"": 0.0, ""DBC"": 0.0}"
2024-12-31,equal_weight_6etf,0.044251193147641074,0.09287442266242596,0.028330306988209424,-0.030750103294849396,0.1666666666666666,SPY,0.0,"{""SPY"": 0.166667, ""QQQ"": 0.166667, ""TLT"": 0.166667, ""GLD"": 0.166667, ""VNQ"": 0.166667, ""DBC"": 0.166667}"
2024-12-31,pto_markowitz,0.08295329024499214,0.13284103923162227,0.018279769540408525,-0.236250310344791,0.8153491689201567,VNQ,1.2094141127221183,"{""SPY"": 0.0, ""QQQ"": 0.0, ""TLT"": 0.0, ""GLD"": 0.0, ""VNQ"": 0.815349, ""DBC"": 0.184651}"
2024-12-31,spo_plus,0.019693789843343135,0.1391412052484899,0.0355472415685653,1.4357538223266602,1.0,DBC,2.0,"{""SPY"": 0.0, ""QQQ"": 0.0, ""TLT"": 0.0, ""GLD"": 0.0, ""VNQ"": 0.0, ""DBC"": 1.0}"
2024-12-31,spo_plus_fee,0.01969378984334315,0.13914120524848986,0.03554724156856531,1.435753822326659,0.9999999999999992,DBC,1.9999999999999993,"{""SPY"": 0.0, ""QQQ"": 0.0, ""TLT"": 0.0, ""GLD"": 0.0, ""VNQ"": 0.0, ""DBC"": 1.0}"
2024-12-31,spo_plus_turnover_l2,0.01969378984334325,0.13914120524848972,0.03554724156856535,1.435753822326656,0.9999999999999976,DBC,1.9999999999999964,"{""SPY"": 0.0, ""QQQ"": 0.0, ""TLT"": 0.0, ""GLD"": 0.0, ""VNQ"": 0.0, ""DBC"": 1.0}"
2024-12-31,spy_buy_hold,0.15415224084417875,0.1256647757805584,0.0199461560696363,0.4758758842945099,1.0,SPY,0.0,"{""SPY"": 1.0, ""QQQ"": 0.0, ""TLT"": 0.0, ""GLD"": 0.0, ""VNQ"": 0.0, ""DBC"": 0.0}"
2025-01-31,equal_weight_6etf,0.055717251405229484,0.09314436285565185,0.004126937768887732,0.09350657463073728,0.1666666666666666,SPY,0.0,"{""SPY"": 0.166667, ""QQQ"": 0.166667, ""TLT"": 0.166667, ""GLD"": 0.166667, ""VNQ"": 0.166667, ""DBC"": 0.166667}"
2025-01-31,pto_markowitz,0.297012760532644,0.1286121921760938,-0.041474066674708786,0.5966335535049372,0.999999999999993,SPY,1.9999999999999978,"{""SPY"": 1.0, ""QQQ"": 0.0, ""TLT"": 0.0, ""GLD"": 0.0, ""VNQ"": 0.0, ""DBC"": 0.0}"
2025-01-31,spo_plus,-0.002923371021651527,0.14072731460030646,-0.0018206032691523,0.7594495415687561,1.0,DBC,0.0,"{""SPY"": 0.0, ""QQQ"": 0.0, ""TLT"": 0.0, ""GLD"": 0.0, ""VNQ"": 0.0, ""DBC"": 1.0}"
2025-01-31,spo_plus_fee,-0.0029233710216515192,0.14072731460030644,-0.0018206032691522748,0.7594495415687551,0.9999999999999994,DBC,2.220446049250314e-16,"{""SPY"": 0.0, ""QQQ"": 0.0, ""TLT"": 0.0, ""GLD"": 0.0, ""VNQ"": 0.0, ""DBC"": 1.0}"
2025-01-31,spo_plus_turnover_l2,-0.0029233710216514295,0.14072731460030627,-0.0018206032691522594,0.7594495415687529,0.9999999999999976,DBC,0.0,"{""SPY"": 0.0, ""QQQ"": 0.0, ""TLT"": 0.0, ""GLD"": 0.0, ""VNQ"": 0.0, ""DBC"": 1.0}"
2025-01-31,spy_buy_hold,0.2970127605326465,0.12861219217609443,-0.0414740666747093,0.5966335535049438,1.0,SPY,0.0,"{""SPY"": 1.0, ""QQQ"": 0.0, ""TLT"": 0.0, ""GLD"": 0.0, ""VNQ"": 0.0, ""DBC"": 0.0}"
2025-02-28,equal_weight_6etf,0.14800999263595893,0.09221795676005429,-0.008718738487611198,0.012217330435911819,0.1666666666666666,SPY,0.0,"{""SPY"": 0.166667, ""QQQ"": 0.166667, ""TLT"": 0.166667, ""GLD"": 0.166667, ""VNQ"": 0.166667, ""DBC"": 0.166667}"
2025-02-28,pto_markowitz,0.31597878918742656,0.14728747751278326,-0.024745377927373843,-0.3300958516090688,0.6998933294218739,QQQ,1.9999999999999942,"{""SPY"": 0.0, ""QQQ"": 0.699893, ""TLT"": 0.0, ""GLD"": 0.300107, ""VNQ"": 0.0, ""DBC"": 0.0}"
2025-02-28,spo_plus,0.01047285251166643,0.13834998366250092,-0.0120467329397797,1.0785484313964844,1.0,TLT,2.0,"{""SPY"": 0.0, ""QQQ"": 0.0, ""TLT"": 1.0, ""GLD"": 0.0, ""VNQ"": 0.0, ""DBC"": 0.0}"
2025-02-28,spo_plus_fee,0.010472852511667541,0.13834998366249876,-0.012046732939779436,1.0785484313964657,0.9999999999999848,TLT,1.9999999999999782,"{""SPY"": 0.0, ""QQQ"": 0.0, ""TLT"": 1.0, ""GLD"": 0.0, ""VNQ"": 0.0, ""DBC"": 0.0}"
2025-02-28,spo_plus_turnover_l2,0.010472852511666436,0.13834998366250084,-0.01204673293977971,1.078548431396483,0.9999999999999992,TLT,1.9999999999999998,"{""SPY"": 0.0, ""QQQ"": 0.0, ""TLT"": 1.0, ""GLD"": 0.0, ""VNQ"": 0.0, ""DBC"": 0.0}"
2025-02-28,spy_buy_hold,0.1741600288120982,0.12716511388795243,-0.0557191148400306,0.7051877975463867,1.0,SPY,0.0,"{""SPY"": 1.0, ""QQQ"": 0.0, ""TLT"": 0.0, ""GLD"": 0.0, ""VNQ"": 0.0, ""DBC"": 0.0}"
2025-03-31,equal_weight_6etf,0.09606640631142493,0.09521211241190687,-0.010708220923940345,0.13417686025301612,0.1666666666666666,SPY,0.0,"{""SPY"": 0.166667, ""QQQ"": 0.166667, ""TLT"": 0.166667, ""GLD"": 0.166667, ""VNQ"": 0.166667, ""DBC"": 0.166667}"
2025-03-31,pto_markowitz,0.12295537548561183,0.1067387394493876,-0.030569166124739235,0.442444250271714,0.5240160721070284,SPY,1.9999999999999991,"{""SPY"": 0.524016, ""QQQ"": 0.0, ""TLT"": 0.0, ""GLD"": 0.0, ""VNQ"": 0.241214, ""DBC"": 0.234769}"
2025-03-31,spo_plus,0.08503834243199082,0.19614207513485732,0.0139682348817586,2.2313263416290283,1.0,QQQ,2.0,"{""SPY"": 0.0, ""QQQ"": 1.0, ""TLT"": 0.0, ""GLD"": 0.0, ""VNQ"": 0.0, ""DBC"": 0.0}"
2025-03-31,spo_plus_fee,0.08503834243199102,0.19614207513485632,0.013968234881758686,2.2313263416290052,0.9999999999999936,QQQ,1.9999999999999944,"{""SPY"": 0.0, ""QQQ"": 1.0, ""TLT"": 0.0, ""GLD"": 0.0, ""VNQ"": 0.0, ""DBC"": 0.0}"
2025-03-31,spo_plus_turnover_l2,0.08503834243199179,0.19614207513485402,0.013968234881758938,2.2313263416289466,0.9999999999999802,QQQ,1.9999999999999927,"{""SPY"": 0.0, ""QQQ"": 1.0, ""TLT"": 0.0, ""GLD"": 0.0, ""VNQ"": 0.0, ""DBC"": 0.0}"
2025-03-31,spy_buy_hold,0.12306512182843785,0.13890224569553775,-0.0086701801046729,0.7661985158920288,1.0,SPY,0.0,"{""SPY"": 1.0, ""QQQ"": 0.0, ""TLT"": 0.0, ""GLD"": 0.0, ""VNQ"": 0.0, ""DBC"": 0.0}"
2025-04-30,equal_weight_6etf,0.08619681911919316,0.12643426371738545,0.02470679441466924,-0.005252376198768685,0.1666666666666666,SPY,0.0,"{""SPY"": 0.166667, ""QQQ"": 0.166667, ""TLT"": 0.166667, ""GLD"": 0.166667, ""VNQ"": 0.166667, ""DBC"": 0.166667}"
2025-04-30,pto_markowitz,0.34766977388589826,0.13807478988803656,0.00439134401672448,0.6457265887798269,0.5792726106180391,GLD,1.5175710823631003,"{""SPY"": 0.0, ""QQQ"": 0.0, ""TLT"": 0.0, ""GLD"": 0.579273, ""VNQ"": 0.420727, ""DBC"": 0.0}"
2025-04-30,spo_plus,0.21543282788204454,0.1813258285465495,0.0112079512327909,0.9939573407173156,1.0,VNQ,2.0,"{""SPY"": 0.0, ""QQQ"": 0.0, ""TLT"": 0.0, ""GLD"": 0.0, ""VNQ"": 1.0, ""DBC"": 0.0}"
2025-04-30,spo_plus_fee,0.21543282788204435,0.1813258285465491,0.011207951232790848,0.9939573407173136,0.9999999999999972,VNQ,1.9999999999999958,"{""SPY"": 0.0, ""QQQ"": 0.0, ""TLT"": 0.0, ""GLD"": 0.0, ""VNQ"": 1.0, ""DBC"": 0.0}"
2025-04-30,spo_plus_turnover_l2,-0.09069324668774835,0.25230408525051407,0.09178299456834602,0.22172757983208202,0.9999999999999803,QQQ,1.1102230246252157e-16,"{""SPY"": 0.0, ""QQQ"": 1.0, ""TLT"": 0.0, ""GLD"": 0.0, ""VNQ"": 0.0, ""DBC"": 0.0}"
2025-04-30,spy_buy_hold,0.06265650852799387,0.20046639541675162,0.0628449767827987,-1.9916338920593264,1.0,SPY,0.0,"{""SPY"": 1.0, ""QQQ"": 0.0, ""TLT"": 0.0, ""GLD"": 0.0, ""VNQ"": 0.0, ""DBC"": 0.0}"
2025-05-30,equal_weight_6etf,0.07800514206619885,0.12472357369291145,0.03544230448702963,0.022427300612131815,0.1666666666666666,SPY,0.0,"{""SPY"": 0.166667, ""QQQ"": 0.166667, ""TLT"": 0.166667, ""GLD"": 0.166667, ""VNQ"": 0.166667, ""DBC"": 0.166667}"
2025-05-30,pto_markowitz,0.34946874839329306,0.15475411907062397,0.023690556446251516,1.3526611781459708,0.7449844737668536,GLD,0.8414547787639206,"{""SPY"": 0.0, ""QQQ"": 0.255016, ""TLT"": 0.0, ""GLD"": 0.744984, ""VNQ"": 0.0, ""DBC"": 0.0}"
2025-05-30,spo_plus,-0.13494638383651839,0.14576074936117397,0.029185876250267,2.234579086303711,1.0,TLT,2.0,"{""SPY"": 0.0, ""QQQ"": 0.0, ""TLT"": 1.0, ""GLD"": 0.0, ""VNQ"": 0.0, ""DBC"": 0.0}"
2025-05-30,spo_plus_fee,-0.1349463838365137,0.14576074936117264,0.02918587625026701,2.234579086303702,0.9999999999999898,TLT,1.9999999999999958,"{""SPY"": 0.0, ""QQQ"": 0.0, ""TLT"": 1.0, ""GLD"": 0.0, ""VNQ"": 0.0, ""DBC"": 0.0}"
2025-05-30,spo_plus_turnover_l2,-0.13494638383650898,0.14576074936117092,0.029185876250267247,2.2345790863036905,0.9999999999999774,TLT,1.9999999999999487,"{""SPY"": 0.0, ""QQQ"": 0.0, ""TLT"": 1.0, ""GLD"": 0.0, ""VNQ"": 0.0, ""DBC"": 0.0}"
2025-05-30,spy_buy_hold,0.056874896573688084,0.20397214946324022,0.0510458499193191,-1.11018967628479,1.0,SPY,0.0,"{""SPY"": 1.0, ""QQQ"": 0.0, ""TLT"": 0.0, ""GLD"": 0.0, ""VNQ"": 0.0, ""DBC"": 0.0}"
2025-06-30,equal_weight_6etf,0.2052052955185092,0.12339294814519793,0.014188414749999809,-0.002759839097658756,0.1666666666666666,SPY,0.0,"{""SPY"": 0.166667, ""QQQ"": 0.166667, ""TLT"": 0.166667, ""GLD"": 0.166667, ""VNQ"": 0.166667, ""DBC"": 0.166667}"
2025-06-30,pto_markowitz,0.23248519916261448,0.12640020045624767,0.01978810241471817,-0.7207758993972997,0.4853287533437881,VNQ,1.7180385409970205,"{""SPY"": 0.0, ""QQQ"": 0.0, ""TLT"": 0.0, ""GLD"": 0.140981, ""VNQ"": 0.485329, ""DBC"": 0.373691}"
2025-06-30,spo_plus,-0.1103618253336878,0.14280793549266982,-0.0119652347639203,3.1305038928985596,1.0,TLT,0.0,"{""SPY"": 0.0, ""QQQ"": 0.0, ""TLT"": 1.0, ""GLD"": 0.0, ""VNQ"": 0.0, ""DBC"": 0.0}"
2025-06-30,spo_plus_fee,-0.11036182533368338,0.1428079354926685,-0.01196523476392013,3.1305038928985285,0.9999999999999898,TLT,0.0,"{""SPY"": 0.0, ""QQQ"": 0.0, ""TLT"": 1.0, ""GLD"": 0.0, ""VNQ"": 0.0, ""DBC"": 0.0}"
2025-06-30,spo_plus_turnover_l2,-0.11036182533367762,0.14280793549266677,-0.011965234763919695,3.130503892898485,0.9999999999999774,TLT,0.0,"{""SPY"": 0.0, ""QQQ"": 0.0, ""TLT"": 1.0, ""GLD"": 0.0, ""VNQ"": 0.0, ""DBC"": 0.0}"
2025-06-30,spy_buy_hold,0.2502338650976228,0.2047673392733965,0.0268835145980119,-0.8655233383178711,1.0,SPY,0.0,"{""SPY"": 1.0, ""QQQ"": 0.0, ""TLT"": 0.0, ""GLD"": 0.0, ""VNQ"": 0.0, ""DBC"": 0.0}"
2025-07-31,equal_weight_6etf,0.12218528690047634,0.12120771874008825,0.017357870199096695,-0.22647314270337413,0.1666666666666666,SPY,0.0,"{""SPY"": 0.166667, ""QQQ"": 0.166667, ""TLT"": 0.166667, ""GLD"": 0.166667, ""VNQ"": 0.166667, ""DBC"": 0.166667}"
2025-07-31,pto_markowitz,0.26203210310117014,0.16408693609994668,0.02317622843012617,-0.7620558114147447,0.4913835369430974,QQQ,1.0671793833849412,"{""SPY"": 0.0, ""QQQ"": 0.491384, ""TLT"": 0.0, ""GLD"": 0.183187, ""VNQ"": 0.282207, ""DBC"": 0.043222}"
2025-07-31,spo_plus,-0.12658848474904968,0.1399521627678745,0.0001271890942007,1.9081554412841797,1.0,TLT,0.0,"{""SPY"": 0.0, ""QQQ"": 0.0, ""TLT"": 1.0, ""GLD"": 0.0, ""VNQ"": 0.0, ""DBC"": 0.0}"
2025-07-31,spo_plus_fee,-0.12658848474904605,0.13995216276787317,0.0001271890942010378,1.9081554412841535,0.9999999999999898,TLT,0.0,"{""SPY"": 0.0, ""QQQ"": 0.0, ""TLT"": 1.0, ""GLD"": 0.0, ""VNQ"": 0.0, ""DBC"": 0.0}"
2025-07-31,spo_plus_turnover_l2,-0.1265884847490404,0.13995216276787145,0.00012718909420123301,1.9081554412841233,0.9999999999999774,TLT,0.0,"{""SPY"": 0.0, ""QQQ"": 0.0, ""TLT"": 1.0, ""GLD"": 0.0, ""VNQ"": 0.0, ""DBC"": 0.0}"
2025-07-31,spy_buy_hold,0.10651266031706688,0.2020402462774888,0.0205194391310215,-0.732901930809021,1.0,SPY,0.0,"{""SPY"": 1.0, ""QQQ"": 0.0, ""TLT"": 0.0, ""GLD"": 0.0, ""VNQ"": 0.0, ""DBC"": 0.0}"
2025-08-29,equal_weight_6etf,0.09315773835444992,0.11773829160419251,0.042976792290573884,-0.10278006394704184,0.1666666666666666,SPY,0.0,"{""SPY"": 0.166667, ""QQQ"": 0.166667, ""TLT"": 0.166667, ""GLD"": 0.166667, ""VNQ"": 0.166667, ""DBC"": 0.166667}"
2025-08-29,pto_markowitz,0.2686082771683378,0.1882964573079908,0.03645908332974764,0.6180118093687426,0.6501855568682324,QQQ,0.41943526827895516,"{""SPY"": 0.0, ""QQQ"": 0.650186, ""TLT"": 0.0, ""GLD"": 0.0, ""VNQ"": 0.255677, ""DBC"": 0.094138}"
2025-08-29,spo_plus,0.3549828612380507,0.23968883426654633,0.0537621527910232,1.5646361112594604,1.0,QQQ,2.0,"{""SPY"": 0.0, ""QQQ"": 1.0, ""TLT"": 0.0, ""GLD"": 0.0, ""VNQ"": 0.0, ""DBC"": 0.0}"
2025-08-29,spo_plus_fee,0.3549828612380499,0.23968883426654586,0.05376215279102319,1.5646361112594562,0.9999999999999978,QQQ,1.999999999999988,"{""SPY"": 0.0, ""QQQ"": 1.0, ""TLT"": 0.0, ""GLD"": 0.0, ""VNQ"": 0.0, ""DBC"": 0.0}"
2025-08-29,spo_plus_turnover_l2,0.3549828612380506,0.23968883426654627,0.05376215279102321,1.5646361112594598,0.9999999999999998,QQQ,1.9999999999999702,"{""SPY"": 0.0, ""QQQ"": 1.0, ""TLT"": 0.0, ""GLD"": 0.0, ""VNQ"": 0.0, ""DBC"": 0.0}"
2025-08-29,spy_buy_hold,0.15675919116769765,0.19678958852832518,0.0356204137206077,-0.1298185586929321,1.0,SPY,0.0,"{""SPY"": 1.0, ""QQQ"": 0.0, ""TLT"": 0.0, ""GLD"": 0.0, ""VNQ"": 0.0, ""DBC"": 0.0}"
2025-09-30,equal_weight_6etf,0.11049212445524274,0.11542971130254005,0.018525946730126912,-0.0897525275746981,0.1666666666666666,SPY,0.0,"{""SPY"": 0.166667, ""QQQ"": 0.166667, ""TLT"": 0.166667, ""GLD"": 0.166667, ""VNQ"": 0.166667, ""DBC"": 0.166667}"
2025-09-30,pto_markowitz,0.28314074012363466,0.19549904952684186,0.05264726109754148,0.48748738237524275,0.8253695933738787,QQQ,0.6996288862635343,"{""SPY"": 0.0, ""QQQ"": 0.82537, ""TLT"": 0.17463, ""GLD"": 0.0, ""VNQ"": 0.0, ""DBC"": 0.0}"
2025-09-30,spo_plus,0.3301688849381672,0.2339307196164591,0.0589636527001857,0.6030908823013306,1.0,QQQ,0.0,"{""SPY"": 0.0, ""QQQ"": 1.0, ""TLT"": 0.0, ""GLD"": 0.0, ""VNQ"": 0.0, ""DBC"": 0.0}"
2025-09-30,spo_plus_fee,0.3301688849381667,0.23393071961645864,0.05896365270018561,0.6030908823013285,0.9999999999999978,QQQ,0.0,"{""SPY"": 0.0, ""QQQ"": 1.0, ""TLT"": 0.0, ""GLD"": 0.0, ""VNQ"": 0.0, ""DBC"": 0.0}"
2025-09-30,spo_plus_turnover_l2,0.3301688849381672,0.233930719616459,0.05896365270018569,0.6030908823013301,0.9999999999999998,QQQ,0.0,"{""SPY"": 0.0, ""QQQ"": 1.0, ""TLT"": 0.0, ""GLD"": 0.0, ""VNQ"": 0.0, ""DBC"": 0.0}"
2025-09-30,spy_buy_hold,0.16900584947745717,0.19413320042148463,0.0318382270634174,-0.5125312805175781,1.0,SPY,0.0,"{""SPY"": 1.0, ""QQQ"": 0.0, ""TLT"": 0.0, ""GLD"": 0.0, ""VNQ"": 0.0, ""DBC"": 0.0}"
2025-10-31,equal_weight_6etf,0.09678662372371835,0.11815052376763785,0.00759798537668153,0.07913282513618466,0.1666666666666666,SPY,0.0,"{""SPY"": 0.166667, ""QQQ"": 0.166667, ""TLT"": 0.166667, ""GLD"": 0.166667, ""VNQ"": 0.166667, ""DBC"": 0.166667}"
2025-10-31,pto_markowitz,0.14525909876193227,0.11137568567217422,0.003315688611637805,0.17812119276815888,0.4025638685758433,VNQ,1.6507391867477572,"{""SPY"": 0.0, ""QQQ"": 0.0, ""TLT"": 0.253117, ""GLD"": 0.0, ""VNQ"": 0.402564, ""DBC"": 0.344319}"
2025-10-31,spo_plus,0.10527560082267229,0.1315231917307266,-0.0093131233006715,2.2708821296691895,1.0,TLT,2.0,"{""SPY"": 0.0, ""QQQ"": 0.0, ""TLT"": 1.0, ""GLD"": 0.0, ""VNQ"": 0.0, ""DBC"": 0.0}"
2025-10-31,spo_plus_fee,0.10527560082267219,0.13152319173072594,-0.009313123300671454,2.2708821296691775,0.9999999999999952,TLT,1.999999999999994,"{""SPY"": 0.0, ""QQQ"": 0.0, ""TLT"": 1.0, ""GLD"": 0.0, ""VNQ"": 0.0, ""DBC"": 0.0}"
2025-10-31,spo_plus_turnover_l2,0.10527560082267227,0.1315231917307265,-0.009313123300671492,2.2708821296691872,0.9999999999999992,TLT,1.9999999999999993,"{""SPY"": 0.0, ""QQQ"": 0.0, ""TLT"": 1.0, ""GLD"": 0.0, ""VNQ"": 0.0, ""DBC"": 0.0}"
2025-10-31,spy_buy_hold,0.02388745413164659,0.1965473815521035,-0.0007770256488583,0.1321314871311187,1.0,SPY,0.0,"{""SPY"": 1.0, ""QQQ"": 0.0, ""TLT"": 0.0, ""GLD"": 0.0, ""VNQ"": 0.0, ""DBC"": 0.0}"
2025-11-28,equal_weight_6etf,0.08183715345846826,0.11768989736656432,0.003332683040449998,0.1518683532873789,0.1666666666666666,SPY,0.0,"{""SPY"": 0.166667, ""QQQ"": 0.166667, ""TLT"": 0.166667, ""GLD"": 0.166667, ""VNQ"": 0.166667, ""DBC"": 0.166667}"
2025-11-28,pto_markowitz,0.14837520583305067,0.1592398916281358,-0.010443742839127395,-0.8549573941143511,0.8676908434429432,VNQ,0.9302539497342854,"{""SPY"": 0.0, ""QQQ"": 0.0, ""TLT"": 0.0, ""GLD"": 0.0, ""VNQ"": 0.867691, ""DBC"": 0.132309}"
2025-11-28,spo_plus,0.062183107838479856,0.19693651940828039,0.0082677425816655,1.6449615955352783,1.0,SPY,2.0,"{""SPY"": 1.0, ""QQQ"": 0.0, ""TLT"": 0.0, ""GLD"": 0.0, ""VNQ"": 0.0, ""DBC"": 0.0}"
2025-11-28,spo_plus_fee,0.06218310783847981,0.1969365194082779,0.008267742581665318,1.6449615955352506,0.999999999999981,SPY,1.9999999999999782,"{""SPY"": 1.0, ""QQQ"": 0.0, ""TLT"": 0.0, ""GLD"": 0.0, ""VNQ"": 0.0, ""DBC"": 0.0}"
2025-11-28,spo_plus_turnover_l2,0.04665906545521067,0.1255346512448795,-0.018768306821584677,1.1425223350524902,0.9999999999999992,TLT,0.0,"{""SPY"": 0.0, ""QQQ"": 0.0, ""TLT"": 1.0, ""GLD"": 0.0, ""VNQ"": 0.0, ""DBC"": 0.0}"
2025-11-28,spy_buy_hold,0.062183107838479856,0.19693651940828039,0.0082677425816655,1.6449615955352783,1.0,SPY,0.0,"{""SPY"": 1.0, ""QQQ"": 0.0, ""TLT"": 0.0, ""GLD"": 0.0, ""VNQ"": 0.0, ""DBC"": 0.0}"
2025-12-31,equal_weight_6etf,0.054528141900099976,0.11506409544071348,0.03031028205684072,0.09886244932810459,0.1666666666666666,SPY,0.0,"{""SPY"": 0.166667, ""QQQ"": 0.166667, ""TLT"": 0.166667, ""GLD"": 0.166667, ""VNQ"": 0.166667, ""DBC"": 0.166667}"
2025-12-31,pto_markowitz,0.18128964150822138,0.23588629875920394,0.01925741508603098,0.28619301319122076,0.9999999999999938,QQQ,1.9999999999999925,"{""SPY"": 0.0, ""QQQ"": 1.0, ""TLT"": 0.0, ""GLD"": 0.0, ""VNQ"": 0.0, ""DBC"": 0.0}"
2025-12-31,spo_plus,0.0005395217827765357,0.11928677804658161,-0.003200359409675,2.0273351669311523,1.0,TLT,2.0,"{""SPY"": 0.0, ""QQQ"": 0.0, ""TLT"": 1.0, ""GLD"": 0.0, ""VNQ"": 0.0, ""DBC"": 0.0}"
2025-12-31,spo_plus_fee,0.0005395217827768197,0.11928677804658144,-0.003200359409674959,2.0273351669311497,0.9999999999999984,TLT,1.9999999999999782,"{""SPY"": 0.0, ""QQQ"": 0.0, ""TLT"": 1.0, ""GLD"": 0.0, ""VNQ"": 0.0, ""DBC"": 0.0}"
2025-12-31,spo_plus_turnover_l2,0.0005395217827765938,0.11928677804658151,-0.003200359409674959,2.0273351669311506,0.9999999999999992,TLT,0.0,"{""SPY"": 0.0, ""QQQ"": 0.0, ""TLT"": 1.0, ""GLD"": 0.0, ""VNQ"": 0.0, ""DBC"": 0.0}"
2025-12-31,spy_buy_hold,0.04464520214167083,0.19467143974525256,0.0197823606431484,0.826734185218811,1.0,SPY,0.0,"{""SPY"": 1.0, ""QQQ"": 0.0, ""TLT"": 0.0, ""GLD"": 0.0, ""VNQ"": 0.0, ""DBC"": 0.0}"
2026-01-30,equal_weight_6etf,0.19043812214085293,0.11525260604221185,0.024646863030890608,0.11410496880610779,0.1666666666666666,SPY,0.0,"{""SPY"": 0.166667, ""QQQ"": 0.166667, ""TLT"": 0.166667, ""GLD"": 0.166667, ""VNQ"": 0.166667, ""DBC"": 0.166667}"
2026-01-30,pto_markowitz,0.3751319129047502,0.1367536004832294,0.05529481950626829,0.9725247718129686,0.7973735311343365,DBC,1.920465712574384,"{""SPY"": 0.0, ""QQQ"": 0.039767, ""TLT"": 0.0, ""GLD"": 0.0, ""VNQ"": 0.162859, ""DBC"": 0.797374}"
2026-01-30,spo_plus,0.44094346471454743,0.15411672080080102,0.0605812333524227,1.4123048782348633,1.0,DBC,2.0,"{""SPY"": 0.0, ""QQQ"": 0.0, ""TLT"": 0.0, ""GLD"": 0.0, ""VNQ"": 0.0, ""DBC"": 1.0}"
2026-01-30,spo_plus_fee,0.4409434647145467,0.15411672080080077,0.06058123335242264,1.41230487823486,0.999999999999998,DBC,1.9999999999999982,"{""SPY"": 0.0, ""QQQ"": 0.0, ""TLT"": 0.0, ""GLD"": 0.0, ""VNQ"": 0.0, ""DBC"": 1.0}"
2026-01-30,spo_plus_turnover_l2,0.44094346471454665,0.15411672080080074,0.06058123335242264,1.41230487823486,0.9999999999999978,DBC,1.9999999999999964,"{""SPY"": 0.0, ""QQQ"": 0.0, ""TLT"": 0.0, ""GLD"": 0.0, ""VNQ"": 0.0, ""DBC"": 1.0}"
2026-01-30,spy_buy_hold,0.1314115219175666,0.19250736625301026,-0.0168214198201894,0.3496575653553009,1.0,SPY,0.0,"{""SPY"": 1.0, ""QQQ"": 0.0, ""TLT"": 0.0, ""GLD"": 0.0, ""VNQ"": 0.0, ""DBC"": 0.0}"
2026-02-27,equal_weight_6etf,0.15421753926431084,0.12111325322123385,-0.04199015597502385,0.3398393392562865,0.1666666666666666,SPY,0.0,"{""SPY"": 0.166667, ""QQQ"": 0.166667, ""TLT"": 0.166667, ""GLD"": 0.166667, ""VNQ"": 0.166667, ""DBC"": 0.166667}"
2026-02-27,pto_markowitz,0.1649817247123633,0.1369972585718104,-0.018071007112285674,0.6677773423112074,0.4775770192013274,SPY,1.2153534726152628,"{""SPY"": 0.477577, ""QQQ"": 0.0, ""TLT"": 0.083771, ""GLD"": 0.0, ""VNQ"": 0.209188, ""DBC"": 0.229464}"
2026-02-27,spo_plus,0.04029933841846606,0.11319976506372267,-0.0413062795996665,2.7291548252105713,1.0,TLT,2.0,"{""SPY"": 0.0, ""QQQ"": 0.0, ""TLT"": 1.0, ""GLD"": 0.0, ""VNQ"": 0.0, ""DBC"": 0.0}"
2026-02-27,spo_plus_fee,0.04029933841846579,0.11319976506372222,-0.04130627959966667,2.7291548252105673,0.9999999999999956,TLT,1.9999999999999982,"{""SPY"": 0.0, ""QQQ"": 0.0, ""TLT"": 1.0, ""GLD"": 0.0, ""VNQ"": 0.0, ""DBC"": 0.0}"
2026-02-27,spo_plus_turnover_l2,0.04029933841846675,0.11319976506372229,-0.04130627959966599,2.7291548252105655,0.9999999999999968,TLT,1.999999999999992,"{""SPY"": 0.0, ""QQQ"": 0.0, ""TLT"": 1.0, ""GLD"": 0.0, ""VNQ"": 0.0, ""DBC"": 0.0}"
2026-02-27,spy_buy_hold,0.1533698432220688,0.19364129249848566,-0.0762315765023231,1.0444706678390503,1.0,SPY,0.0,"{""SPY"": 1.0, ""QQQ"": 0.0, ""TLT"": 0.0, ""GLD"": 0.0, ""VNQ"": 0.0, ""DBC"": 0.0}"
2026-03-31,equal_weight_6etf,0.09722665713710314,0.12203206197705706,0.06640582686911024,0.35223658879597963,0.1666666666666666,SPY,0.0,"{""SPY"": 0.166667, ""QQQ"": 0.166667, ""TLT"": 0.166667, ""GLD"": 0.166667, ""VNQ"": 0.166667, ""DBC"": 0.166667}"
2026-03-31,pto_markowitz,0.38229647852494064,0.14806155470595236,0.09143129945202255,2.005319556916382,0.5575569636263242,SPY,0.5859180845174177,"{""SPY"": 0.557557, ""QQQ"": 0.0, ""TLT"": 0.0, ""GLD"": 0.0, ""VNQ"": 0.0, ""DBC"": 0.442443}"
2026-03-31,spo_plus,-0.01969778782091637,0.22594534593138058,0.1569007933139801,2.4447038173675537,1.0,QQQ,2.0,"{""SPY"": 0.0, ""QQQ"": 1.0, ""TLT"": 0.0, ""GLD"": 0.0, ""VNQ"": 0.0, ""DBC"": 0.0}"
2026-03-31,spo_plus_fee,-0.019697787820896883,0.22594534593137466,0.15690079331397622,2.4447038173675204,0.9999999999999388,QQQ,1.9999999999999911,"{""SPY"": 0.0, ""QQQ"": 1.0, ""TLT"": 0.0, ""GLD"": 0.0, ""VNQ"": 0.0, ""DBC"": 0.0}"
2026-03-31,spo_plus_turnover_l2,-0.019697787820917544,0.22594534593137716,0.1569007933139771,2.4447038173674254,0.9999999999999772,QQQ,1.9999999999999987,"{""SPY"": 0.0, ""QQQ"": 1.0, ""TLT"": 0.0, ""GLD"": 0.0, ""VNQ"": 0.0, ""DBC"": 0.0}"
2026-03-31,spy_buy_hold,0.08941340545053013,0.18955644596516846,0.1050526574254036,2.0341179370880127,1.0,SPY,0.0,"{""SPY"": 1.0, ""QQQ"": 0.0, ""TLT"": 0.0, ""GLD"": 0.0, ""VNQ"": 0.0, ""DBC"": 0.0}"
2026-04-29,equal_weight_6etf,0.24299143700924603,0.08902039807644292,0.02329103610827589,0.07263183097044629,0.1666666666666666,SPY,0.0,"{""SPY"": 0.166667, ""QQQ"": 0.166667, ""TLT"": 0.166667, ""GLD"": 0.166667, ""VNQ"": 0.166667, ""DBC"": 0.166667}"
2026-04-29,pto_markowitz,0.6036683263644138,0.11783673467225254,0.05739666766537152,0.34568850792956657,0.6501002154390669,QQQ,1.3002004308780055,"{""SPY"": 0.0, ""QQQ"": 0.6501, ""TLT"": 0.0, ""GLD"": 0.0, ""VNQ"": 0.0, ""DBC"": 0.3499}"
2026-04-29,spo_plus,-0.05749142774210533,0.10106147742561461,0.0043954374268651,1.7657966613769531,1.0,TLT,2.0,"{""SPY"": 0.0, ""QQQ"": 0.0, ""TLT"": 1.0, ""GLD"": 0.0, ""VNQ"": 0.0, ""DBC"": 0.0}"
2026-04-29,spo_plus_fee,-0.05749142774210525,0.10106147742561455,0.004395437426865101,1.7657966613769505,0.9999999999999992,TLT,1.9999999999999996,"{""SPY"": 0.0, ""QQQ"": 0.0, ""TLT"": 1.0, ""GLD"": 0.0, ""VNQ"": 0.0, ""DBC"": 0.0}"
2026-04-29,spo_plus_turnover_l2,-0.057491427742104716,0.10106147742561447,0.004395437426865046,1.7657966613769525,0.9999999999999992,TLT,2.0,"{""SPY"": 0.0, ""QQQ"": 0.0, ""TLT"": 1.0, ""GLD"": 0.0, ""VNQ"": 0.0, ""DBC"": 0.0}"
2026-04-29,spy_buy_hold,0.23671445209441364,0.12447144763302039,0.0630989670753479,0.5640456676483154,1.0,SPY,0.0,"{""SPY"": 1.0, ""QQQ"": 0.0, ""TLT"": 0.0, ""GLD"": 0.0, ""VNQ"": 0.0, ""DBC"": 0.0}"
